"","nazov","price","year","km","kw","kraj","fuel","trans"
"1","Škoda",15290,2017,157017,85,"BB kraj","Diesel","Manuál"
"2","Škoda",9300,2013,231000,125,"PO kraj","Diesel","Manuál"
"3","Škoda",17990,2019,185500,110,"BA kraj","Benzín","Manuál"
"4","Škoda",22500,2018,138477,110,"ZA kraj","Diesel","Automat"
"5","Škoda",25490,2018,87400,180,"BA kraj","Benzín","Automat"
"6","Škoda",16990,2018,180711,110,"BB kraj","Diesel","Automat"
"7","Škoda",24990,2018,120000,135,"BB kraj","Diesel","Automat"
"8","Škoda",5990,2010,266000,77,"ZA kraj","Diesel","Manuál"
"9","Škoda",9200,2014,172000,77,"ZA kraj","Diesel","Manuál"
"10","Škoda",13990,2016,168500,110,"TT kraj","Benzín","Automat"
"11","Škoda",21499,2018,195900,135,"TT kraj","Diesel","Automat"
"12","Škoda",15500,2014,231000,162,"ZA kraj","Benzín","Automat"
"13","Škoda",1900,2003,353,132,"BB kraj","Benzín","Manuál"
"14","Škoda",5300,2007,254701,125,"ZA kraj","Diesel","Manuál"
"15","Škoda",7000,2011,205000,77,"TT kraj","Diesel","Manuál"
"16","Škoda",7300,2011,117521,77,"TN kraj","Benzín","Automat"
"17","Škoda",7390,2012,173000,77,"TT kraj","Diesel","Manuál"
"18","Škoda",8990,2015,236000,77,"BA kraj","Diesel","Automat"
"19","Škoda",9250,2009,233000,147,"BB kraj","Benzín","Automat"
"20","Škoda",9300,2014,227355,77,"ZA kraj","Diesel","Manuál"
"21","Škoda",9490,2010,246000,147,"BB kraj","Benzín","Automat"
"22","Škoda",10600,2015,230974,77,"BA kraj","Diesel","Manuál"
"23","Škoda",11300,2016,193459,81,"BA kraj","Diesel","Manuál"
"24","Škoda",11450,2017,182000,85,"BA kraj","Diesel","Manuál"
"25","Škoda",11990,2017,172250,110,"BA kraj","Diesel","Manuál"
"26","Škoda",11999,2017,217955,85,"BA kraj","Diesel","Automat"
"27","Škoda",12700,2018,144795,85,"BA kraj","Diesel","Manuál"
"28","Škoda",12980,2018,179000,85,"BB kraj","Diesel","Automat"
"29","Škoda",12999,2017,193570,110,"BA kraj","Diesel","Automat"
"30","Škoda",12999,2016,112299,81,"BA kraj","Diesel","Manuál"
"31","Škoda",12999,2017,149000,85,"BB kraj","Diesel","Manuál"
"32","Škoda",13200,2016,147800,66,"BA kraj","Diesel","Manuál"
"33","Škoda",13299,2014,148693,110,"BB kraj","Diesel","Automat"
"34","Škoda",13500,2019,245524,96,"ZA kraj","Benzín+Plyn","Automat"
"35","Škoda",14000,2014,200350,135,"ZA kraj","Diesel","Automat"
"36","Škoda",14250,2018,202000,85,"BA kraj","Diesel","Automat"
"37","Škoda",14290,2018,172000,85,"BA kraj","Diesel","Automat"
"38","Škoda",14490,2017,27592,81,"ZA kraj","Benzín","Manuál"
"39","Škoda",14499,2019,195307,85,"BA kraj","Diesel","Automat"
"40","Škoda",14499,2017,135493,85,"BA kraj","Diesel","Automat"
"41","Škoda",14500,2019,216328,96,"ZA kraj","Benzín+Plyn","Automat"
"42","Škoda",14990,2016,163434,110,"BB kraj","Diesel","Automat"
"43","Škoda",14999,2019,168692,85,"BA kraj","Benzín","Manuál"
"44","Škoda",14999,2019,145963,85,"BA kraj","Diesel","Automat"
"45","Škoda",16500,2019,168724,110,"ZA kraj","Diesel","Automat"
"46","Škoda",16500,2019,169000,85,"BA kraj","Diesel","Automat"
"47","Škoda",16699,2020,118402,85,"BA kraj","Diesel","Automat"
"48","Škoda",16700,2017,197000,135,"BA kraj","Diesel","Automat"
"49","Škoda",16990,2017,175000,135,"KE kraj","Diesel","Automat"
"50","Škoda",17400,2019,146688,110,"BA kraj","Benzín","Automat"
"51","Škoda",17499,2017,117726,110,"BA kraj","Diesel","Manuál"
"52","Škoda",17790,2017,158953,110,"KE kraj","Diesel","Automat"
"53","Škoda",17900,2019,75568,85,"TT kraj","Diesel","Manuál"
"54","Škoda",17900,2018,122406,110,"BA kraj","Diesel","Manuál"
"55","Škoda",18777,2017,147000,135,"BA kraj","Diesel","Automat"
"56","Škoda",18990,2018,163000,135,"BA kraj","Diesel","Automat"
"57","Škoda",19299,2018,151348,110,"BB kraj","Diesel","Manuál"
"58","Škoda",19490,2018,79000,110,"TN kraj","Diesel","Automat"
"59","Škoda",19999,2017,98515,110,"BA kraj","Diesel","Automat"
"60","Škoda",20699,2018,117054,110,"BB kraj","Diesel","Automat"
"61","Škoda",20800,2018,178719,135,"BA kraj","Diesel","Automat"
"62","Škoda",20990,2016,55000,110,"BB kraj","Benzín","Automat"
"63","Škoda",28500,2021,32000,110,"BA kraj","Diesel","Automat"
"64","Škoda",700,2005,240000,110,"KE kraj","Benzín","Manuál"
"65","Škoda",1400,2002,328700,85,"NR kraj","Benzín+Plyn","Automat"
"66","Škoda",1500,1999,156461,74,"TT kraj","Benzín","Manuál"
"67","Škoda",1600,2005,5e+05,77,"BA kraj","Diesel","Manuál"
"68","Škoda",1850,2002,230186,75,"KE kraj","Benzín+Plyn","Manuál"
"69","Škoda",1890,2004,355005,66,"TN kraj","Diesel","Manuál"
"70","Škoda",1999,2005,244000,103,"BA kraj","Diesel","Manuál"
"71","Škoda",1999,2004,365000,74,"ZA kraj","Diesel","Manuál"
"72","Škoda",2000,2008,240681,75,"PO kraj","Benzín","Manuál"
"73","Škoda",2000,2005,295000,77,"PO kraj","Diesel","Manuál"
"74","Škoda",2000,2004,343000,81,"PO kraj","Diesel","Manuál"
"75","Škoda",2000,2002,233000,75,"NR kraj","Benzín","Manuál"
"76","Škoda",2000,2008,364529,125,"PO kraj","Diesel","Manuál"
"77","Škoda",2100,2004,316177,74,"KE kraj","Diesel","Manuál"
"78","Škoda",2150,2006,251942,85,"BA kraj","Benzín","Manuál"
"79","Škoda",2180,2002,188000,75,"PO kraj","Benzín","Manuál"
"80","Škoda",2400,2002,244614,110,"ZA kraj","Benzín","Manuál"
"81","Škoda",4300,2008,297815,77,"BB kraj","Diesel","Manuál"
"82","Škoda",4300,2007,250693,103,"KE kraj","Diesel","Automat"
"83","Škoda",4400,2010,328550,77,"BA kraj","Diesel","Manuál"
"84","Škoda",4400,2009,218439,77,"BA kraj","Diesel","Manuál"
"85","Škoda",4490,2005,267460,103,"PO kraj","Diesel","Manuál"
"86","Škoda",4490,2010,367000,77,"BA kraj","Diesel","Manuál"
"87","Škoda",4490,2010,238000,118,"TT kraj","Benzín","Manuál"
"88","Škoda",4490,2007,280956,77,"ZA kraj","Diesel","Manuál"
"89","Škoda",4499,2010,248000,74,"KE kraj","Diesel","Manuál"
"90","Škoda",4499,2007,248292,77,"KE kraj","Diesel","Manuál"
"91","Škoda",4500,2008,298000,77,"PO kraj","Diesel","Manuál"
"92","Škoda",4500,2007,277345,103,"PO kraj","Diesel","Automat"
"93","Škoda",4500,2007,253456,103,"BA kraj","Diesel","Automat"
"94","Škoda",4500,2008,297000,77,"PO kraj","Diesel","Manuál"
"95","Škoda",4500,2012,275000,77,"TN kraj","Diesel","Manuál"
"96","Škoda",4550,2015,285000,81,"TN kraj","Diesel","Manuál"
"97","Škoda",4590,2012,284000,77,"BB kraj","Diesel","Manuál"
"98","Škoda",4599,2011,390000,118,"KE kraj","Benzín","Automat"
"99","Škoda",4600,2008,321819,103,"BA kraj","Diesel","Manuál"
"100","Škoda",4600,2010,330232,77,"NR kraj","Diesel","Manuál"
"101","Škoda",4600,2008,300904,103,"BB kraj","Diesel","Manuál"
"102","Škoda",4600,2011,281615,77,"BA kraj","Diesel","Manuál"
"103","Škoda",4600,2008,326835,77,"ZA kraj","Diesel","Manuál"
"104","Škoda",4700,2008,246000,77,"NR kraj","Diesel","Manuál"
"105","Škoda",4750,2005,147098,110,"KE kraj","Benzín","Manuál"
"106","Škoda",4750,2005,291000,103,"BB kraj","Diesel","Manuál"
"107","Škoda",4750,2006,261403,77,"NR kraj","Diesel","Automat"
"108","Škoda",4790,2007,196790,77,"BB kraj","Diesel","Automat"
"109","Škoda",4800,2008,293371,100,"BA kraj","Diesel","Manuál"
"110","Škoda",4800,2010,252592,77,"NR kraj","Diesel","Manuál"
"111","Škoda",4800,2008,255649,77,"BA kraj","Diesel","Manuál"
"112","Škoda",4850,2012,210000,77,"NR kraj","Benzín","Manuál"
"113","Škoda",4860,2005,218589,74,"BB kraj","Diesel","Manuál"
"114","Škoda",4900,2011,301500,77,"ZA kraj","Diesel","Manuál"
"115","Škoda",4950,2007,237000,103,"NR kraj","Diesel","Manuál"
"116","Škoda",4990,2010,292000,77,"KE kraj","Diesel","Manuál"
"117","Škoda",4990,2006,3e+05,110,"TN kraj","Diesel","Manuál"
"118","Škoda",4990,2007,204165,103,"ZA kraj","Diesel","Manuál"
"119","Škoda",4990,2007,293930,103,"KE kraj","Diesel","Manuál"
"120","Škoda",4990,2010,295383,77,"KE kraj","Diesel","Automat"
"121","Škoda",4999,2009,323000,103,"BB kraj","Diesel","Manuál"
"122","Škoda",4999,2010,299945,103,"BA kraj","Diesel","Manuál"
"123","Škoda",5000,2008,342926,77,"TT kraj","Diesel","Manuál"
"124","",5050,2008,258564,77,"NR kraj","Diesel","Automat"
"125","Škoda",5300,2008,134000,118,"NR kraj","Benzín","Manuál"
"126","Škoda",5300,2010,230917,77,"KE kraj","Diesel","Manuál"
"127","Škoda",5300,2009,326196,77,"NR kraj","Diesel","Manuál"
"128","Škoda",5300,2010,327643,77,"NR kraj","Diesel","Manuál"
"129","Škoda",5300,2011,353000,77,"BB kraj","Diesel","Manuál"
"130","Škoda",5350,2009,74700,75,"BA kraj","Benzín","Manuál"
"131","Škoda",5490,2012,268138,77,"BB kraj","Diesel","Manuál"
"132","Škoda",5499,2006,219000,147,"ZA kraj","Benzín","Manuál"
"133","Škoda",5500,2006,257071,147,"ZA kraj","Benzín","Manuál"
"134","Škoda",5500,2009,196000,103,"ZA kraj","Diesel","Automat"
"135","Škoda",5500,2009,309342,103,"BA kraj","Diesel","Automat"
"136","Škoda",5500,2010,360000,103,"ZA kraj","Diesel","Manuál"
"137","Škoda",5500,2010,249997,77,"TN kraj","Diesel","Manuál"
"138","Škoda",5500,2012,287000,77,"ZA kraj","Diesel","Manuál"
"139","Škoda",5500,2008,300800,103,"BA kraj","Diesel","Manuál"
"140","Škoda",5500,2010,226000,77,"BB kraj","Diesel","Automat"
"141","Škoda",5555,2007,194146,125,"ZA kraj","Diesel","Manuál"
"142","Škoda",5590,2010,292000,77,"PO kraj","Diesel","Manuál"
"143","Škoda",5600,2007,242421,103,"BA kraj","Diesel","Manuál"
"144","Škoda",5650,2010,246818,103,"NR kraj","Diesel","Automat"
"145","Škoda",5690,2009,243743,75,"NR kraj","Benzín","Manuál"
"146","Škoda",5700,2012,192000,90,"BA kraj","Benzín","Manuál"
"147","Škoda",5700,2007,166379,103,"NR kraj","Diesel","Manuál"
"148","Škoda",5750,2008,232600,103,"ZA kraj","Diesel","Manuál"
"149","Škoda",5800,2011,279000,81,"TT kraj","Diesel","Manuál"
"150","Škoda",5800,2010,293626,77,"PO kraj","Diesel","Manuál"
"151","Škoda",5890,2009,288000,77,"NR kraj","Diesel","Manuál"
"152","Škoda",5950,2009,270000,77,"NR kraj","Diesel","Manuál"
"153","Škoda",5950,2011,320073,77,"KE kraj","Diesel","Manuál"
"154","Škoda",5990,2012,238720,77,"KE kraj","Diesel","Manuál"
"155","Škoda",5999,2010,201694,103,"TT kraj","Diesel","Automat"
"156","Škoda",5999,2009,280649,77,"TT kraj","Diesel","Manuál"
"157","Škoda",5999,2010,187000,90,"KE kraj","Benzín","Manuál"
"158","Škoda",5999,2011,212220,75,"KE kraj","Benzín+Plyn","Manuál"
"159","Škoda",5999,2012,298211,118,"BA kraj","Benzín","Manuál"
"160","Škoda",5999,2007,250931,147,"KE kraj","Benzín","Manuál"
"161","Škoda",5999,2010,215657,77,"KE kraj","Diesel","Manuál"
"162","Škoda",6000,2009,279000,77,"BB kraj","Diesel","Manuál"
"163","Škoda",6190,2011,276000,77,"NR kraj","Diesel","Manuál"
"164","Škoda",6200,2010,294900,103,"KE kraj","Diesel","Manuál"
"165","Škoda",6200,2006,177000,147,"BB kraj","Benzín","Manuál"
"166","Škoda",6200,2009,233000,77,"BB kraj","Diesel","Manuál"
"167","Škoda",6200,2009,181215,77,"PO kraj","Diesel","Manuál"
"168","Škoda",6250,2009,259000,103,"BA kraj","Diesel","Manuál"
"169","Škoda",6300,2009,237126,77,"BB kraj","Diesel","Manuál"
"170","Škoda",6300,2009,189450,77,"PO kraj","Diesel","Manuál"
"171","Škoda",6350,2013,257138,77,"PO kraj","Diesel","Manuál"
"172","Škoda",6490,2012,329319,103,"BA kraj","Diesel","Manuál"
"173","Škoda",6500,2010,234524,77,"TN kraj","Diesel","Manuál"
"174","Škoda",6500,2009,317000,77,"BA kraj","Diesel","Manuál"
"175","Škoda",6500,2011,222893,77,"PO kraj","Diesel","Manuál"
"176","Škoda",6500,2005,266353,103,"TT kraj","Diesel","Automat"
"177","Škoda",6500,2011,205000,77,"PO kraj","Diesel","Manuál"
"178","Škoda",6500,2009,274000,103,"KE kraj","Diesel","Manuál"
"179","Škoda",6500,2010,2e+05,77,"KE kraj","Diesel","Manuál"
"180","Škoda",6500,2009,317000,77,"BA kraj","Diesel","Manuál"
"181","Škoda",6600,2009,170000,125,"KE kraj","Diesel","Automat"
"182","Škoda",6600,2011,316300,103,"NR kraj","Diesel","Automat"
"183","Škoda",6700,2011,181609,77,"BA kraj","Diesel","Manuál"
"184","Škoda",6700,2006,280000,125,"TT kraj","Diesel","Manuál"
"185","Škoda",6790,2012,188000,77,"KE kraj","Diesel","Manuál"
"186","Škoda",6799,2010,148000,118,"TT kraj","Benzín","Manuál"
"187","Škoda",6799,2010,180000,118,"TT kraj","Benzín","Manuál"
"188","Škoda",6800,2013,288000,103,"NR kraj","Diesel","Manuál"
"189","Škoda",6800,2008,218060,147,"BB kraj","Benzín","Manuál"
"190","Škoda",6800,2014,3e+05,77,"BA kraj","Diesel","Manuál"
"191","Škoda",6800,2011,287660,77,"ZA kraj","Diesel","Automat"
"192","Škoda",6850,2012,202500,77,"BA kraj","Diesel","Manuál"
"193","Škoda",6890,2009,178000,77,"KE kraj","Diesel","Manuál"
"194","Škoda",6890,2013,211030,77,"BB kraj","Diesel","Manuál"
"195","Škoda",6900,2014,365000,77,"KE kraj","Diesel","Manuál"
"196","Škoda",6900,2011,179505,77,"BA kraj","Diesel","Manuál"
"197","Škoda",6990,2009,228500,103,"NR kraj","Diesel","Manuál"
"198","Škoda",6990,2011,260000,103,"NR kraj","Diesel","Manuál"
"199","Škoda",6990,2013,220300,77,"BA kraj","Diesel","Manuál"
"200","Škoda",6990,2012,198217,77,"NR kraj","Diesel","Manuál"
"201","Škoda",6990,2010,161000,77,"ZA kraj","Diesel","Manuál"
"202","Škoda",6990,2009,143400,90,"KE kraj","Benzín","Manuál"
"203","Škoda",6999,2015,292757,66,"TN kraj","Diesel","Manuál"
"204","Škoda",6999,2011,219059,77,"BA kraj","Diesel","Manuál"
"205","Škoda",7000,2016,344335,81,"BA kraj","Diesel","Manuál"
"206","Škoda",7000,2013,160650,77,"NR kraj","Diesel","Manuál"
"207","Škoda",7000,2011,265588,77,"BA kraj","Diesel","Automat"
"208","Škoda",7100,2010,266000,103,"NR kraj","Diesel","Manuál"
"209","Škoda",7190,2010,189320,77,"KE kraj","Diesel","Manuál"
"210","Škoda",7200,2014,297123,77,"KE kraj","Diesel","Manuál"
"211","Škoda",7300,2006,187000,110,"NR kraj","Benzín","Manuál"
"212","Škoda",7390,2011,181504,77,"BB kraj","Diesel","Manuál"
"213","Škoda",7400,2010,49547,77,"BA kraj","Benzín","Manuál"
"214","Škoda",7400,2015,291215,81,"BA kraj","Diesel","Manuál"
"215","Škoda",7490,2014,299700,77,"NR kraj","Diesel","Manuál"
"216","Škoda",7499,2012,195000,77,"BB kraj","Diesel","Automat"
"217","Škoda",7500,2009,214346,125,"PO kraj","Diesel","Manuál"
"218","Škoda",7500,2012,210000,103,"KE kraj","Diesel","Manuál"
"219","Škoda",7500,2011,182404,77,"ZA kraj","Diesel","Automat"
"220","Škoda",7500,2011,192688,118,"PO kraj","Benzín","Manuál"
"221","Škoda",7590,2007,225668,103,"KE kraj","Diesel","Manuál"
"222","Škoda",7600,2013,199044,77,"BA kraj","Diesel","Manuál"
"223","Škoda",7600,2009,271999,103,"PO kraj","Diesel","Automat"
"224","Škoda",7600,2013,236000,81,"BB kraj","Diesel","Manuál"
"225","Škoda",7699,2012,213649,103,"BB kraj","Diesel","Manuál"
"226","Škoda",7700,2009,264800,103,"TN kraj","Diesel","Manuál"
"227","Škoda",7790,2012,191000,103,"KE kraj","Diesel","Manuál"
"228","Škoda",7800,2011,228120,103,"KE kraj","Diesel","Manuál"
"229","Škoda",7800,2009,293000,103,"TT kraj","Diesel","Manuál"
"230","Škoda",7850,2012,187000,77,"BB kraj","Diesel","Automat"
"231","Škoda",7899,2012,337089,103,"BA kraj","Diesel","Manuál"
"232","Škoda",7900,2012,146000,118,"ZA kraj","Benzín","Manuál"
"233","Škoda",7900,2014,330000,77,"ZA kraj","Diesel","Automat"
"234","Škoda",7990,2013,206000,103,"TN kraj","Diesel","Manuál"
"235","Škoda",7990,2012,252244,103,"KE kraj","Diesel","Manuál"
"236","Škoda",7999,2011,256700,103,"ZA kraj","Diesel","Manuál"
"237","Škoda",7999,2013,204200,81,"BB kraj","Diesel","Manuál"
"238","Škoda",7999,2012,194285,77,"BA kraj","Diesel","Automat"
"239","Škoda",8000,2014,304445,110,"BA kraj","Diesel","Automat"
"240","Škoda",8100,2009,182000,103,"NR kraj","Diesel","Manuál"
"241","Škoda",8190,2014,271064,77,"BB kraj","Diesel","Manuál"
"242","Škoda",8200,2011,209252,77,"KE kraj","Diesel","Manuál"
"243","Škoda",8200,2014,302500,110,"ZA kraj","Diesel","Automat"
"244","Škoda",8250,2014,125000,77,"NR kraj","Benzín","Manuál"
"245","Škoda",8290,2013,268100,110,"TT kraj","Diesel","Manuál"
"246","Škoda",8300,2013,265628,110,"BA kraj","Diesel","Manuál"
"247","Škoda",8300,2014,247757,81,"BA kraj","Diesel","Manuál"
"248","Škoda",8300,2013,190500,77,"BB kraj","Diesel","Manuál"
"249","Škoda",8390,2013,261528,125,"TN kraj","Diesel","Manuál"
"250","Škoda",8400,2012,238000,125,"TN kraj","Diesel","Manuál"
"251","Škoda",8450,2015,272239,110,"BA kraj","Diesel","Automat"
"252","Škoda",8490,2016,240996,81,"BA kraj","Diesel","Manuál"
"253","Škoda",8490,2008,128025,103,"ZA kraj","Diesel","Manuál"
"254","Škoda",8499,2016,220679,66,"BA kraj","Diesel","Manuál"
"255","Škoda",8499,2013,317387,110,"TN kraj","Diesel","Manuál"
"256","Škoda",8499,2015,258398,81,"BA kraj","Diesel","Automat"
"257","Škoda",8500,2013,290000,103,"KE kraj","Diesel","Manuál"
"258","Škoda",8599,2012,130000,118,"TT kraj","Benzín","Manuál"
"259","Škoda",8690,2012,216720,103,"TN kraj","Diesel","Automat"
"260","Škoda",8899,2011,220000,103,"NR kraj","Diesel","Manuál"
"261","Škoda",8900,2012,253500,103,"ZA kraj","Diesel","Automat"
"262","Škoda",8990,2012,159265,103,"NR kraj","Diesel","Manuál"
"263","Škoda",8990,2010,221753,125,"NR kraj","Diesel","Automat"
"264","Škoda",8990,2013,178000,132,"NR kraj","Benzín","Manuál"
"265","Škoda",8999,2014,307638,132,"KE kraj","Benzín","Automat"
"266","Škoda",8999,2015,191377,77,"TN kraj","Diesel","Manuál"
"267","Škoda",9000,2013,159920,77,"PO kraj","Diesel","Automat"
"268","Škoda",9000,2014,236000,77,"BB kraj","Diesel","Manuál"
"269","Škoda",9000,2013,271500,77,"ZA kraj","Diesel","Automat"
"270","Škoda",9000,2013,338092,110,"KE kraj","Diesel","Automat"
"271","Škoda",9000,2015,233000,77,"PO kraj","Diesel","Automat"
"272","Škoda",9000,2013,347000,77,"KE kraj","Diesel","Automat"
"273","Škoda",9100,2012,191000,103,"ZA kraj","Diesel","Manuál"
"274","Škoda",9200,2012,125979,77,"TN kraj","Diesel","Manuál"
"275","Škoda",9200,2017,319273,85,"NR kraj","Diesel","Manuál"
"276","Škoda",9200,2012,232000,125,"TT kraj","Diesel","Automat"
"277","Škoda",9290,2014,196318,66,"ZA kraj","Diesel","Manuál"
"278","Škoda",9290,2014,243576,110,"KE kraj","Diesel","Manuál"
"279","Škoda",9300,2015,246806,77,"BA kraj","Diesel","Automat"
"280","Škoda",9300,2016,252300,81,"BB kraj","Diesel","Automat"
"281","Škoda",9390,2013,202000,77,"ZA kraj","Diesel","Manuál"
"282","Škoda",9400,2015,194140,81,"BB kraj","Diesel","Manuál"
"283","Škoda",9400,2013,206067,77,"BA kraj","Diesel","Automat"
"284","Škoda",9437,2015,205378,81,"KE kraj","Diesel","Manuál"
"285","Škoda",9490,2013,168000,103,"BA kraj","Diesel","Manuál"
"286","Škoda",9490,2013,183000,77,"KE kraj","Diesel","Automat"
"287","Škoda",9490,2014,172770,77,"ZA kraj","Diesel","Manuál"
"288","Škoda",9500,2016,242000,81,"PO kraj","Diesel","Manuál"
"289","Škoda",9500,2016,193245,81,"BA kraj","Diesel","Manuál"
"290","Škoda",9500,2014,166000,77,"PO kraj","Diesel","Manuál"
"291","Škoda",9550,2013,174500,77,"NR kraj","Diesel","Manuál"
"292","Škoda",9590,2013,230000,77,"BB kraj","Diesel","Manuál"
"293","Škoda",9600,2012,188000,103,"ZA kraj","Diesel","Automat"
"294","Škoda",9600,2016,2e+05,81,"TT kraj","Diesel","Manuál"
"295","Škoda",9600,2012,231000,103,"PO kraj","Diesel","Manuál"
"296","Škoda",9600,2014,234293,77,"TN kraj","Diesel","Manuál"
"297","Škoda",9690,2016,246000,81,"TN kraj","Diesel","Automat"
"298","Škoda",9700,2014,179549,81,"BA kraj","Diesel","Manuál"
"299","Škoda",9700,2015,195600,77,"KE kraj","Diesel","Manuál"
"300","Škoda",9800,2016,179122,81,"BA kraj","Diesel","Manuál"
"301","Škoda",9800,2011,141000,77,"BA kraj","Diesel","Manuál"
"302","Škoda",9900,2015,210007,110,"BA kraj","Diesel","Manuál"
"303","Škoda",9900,2014,283000,110,"TT kraj","Diesel","Automat"
"304","Škoda",9900,2015,270000,110,"TT kraj","Diesel","Manuál"
"305","Škoda",9950,2013,224000,103,"NR kraj","Diesel","Manuál"
"306","Škoda",9950,2017,194800,63,"PO kraj","Benzín","Manuál"
"307","Škoda",9990,2012,181580,125,"ZA kraj","Diesel","Manuál"
"308","Škoda",9999,2012,211646,125,"KE kraj","Diesel","Automat"
"309","Škoda",10000,2016,226578,81,"BB kraj","Diesel","Automat"
"310","Škoda",10000,2015,206562,77,"KE kraj","Diesel","Automat"
"311","Škoda",10000,2015,279014,110,"KE kraj","Diesel","Manuál"
"312","Škoda",10100,2014,298630,110,"TN kraj","Diesel","Manuál"
"313","Škoda",10100,2013,72642,77,"BB kraj","Benzín","Manuál"
"314","Škoda",10200,2014,119646,77,"BA kraj","Benzín","Manuál"
"315","Škoda",10300,2015,255000,81,"PO kraj","Diesel","Automat"
"316","Škoda",10300,2015,262000,81,"PO kraj","Diesel","Automat"
"317","Škoda",10300,2014,264777,110,"BB kraj","Diesel","Manuál"
"318","Škoda",10400,2015,167798,81,"BA kraj","Diesel","Manuál"
"319","Škoda",10400,2014,192004,81,"BA kraj","Diesel","Manuál"
"320","Škoda",10490,2013,220673,110,"BB kraj","Diesel","Manuál"
"321","Škoda",10490,2016,197322,81,"BB kraj","Diesel","Manuál"
"322","Škoda",10499,2013,133000,103,"NR kraj","Diesel","Manuál"
"323","Škoda",10499,2016,244711,110,"BA kraj","Diesel","Manuál"
"324","Škoda",10500,2009,111000,125,"NR kraj","Diesel","Automat"
"325","Škoda",10500,2016,208000,110,"ZA kraj","Diesel","Automat"
"326","Škoda",10500,2014,200740,77,"BA kraj","Diesel","Automat"
"327","Škoda",10500,2016,199000,81,"TT kraj","Diesel","Manuál"
"328","Škoda",10590,2015,233107,110,"BA kraj","Diesel","Manuál"
"329","Škoda",10600,2017,193713,81,"BA kraj","Diesel","Manuál"
"330","Škoda",10600,2015,161192,77,"BA kraj","Diesel","Automat"
"331","Škoda",10637,2014,189317,77,"KE kraj","Diesel","Automat"
"332","Škoda",10699,2016,201500,81,"BB kraj","Diesel","Automat"
"333","Škoda",10700,2016,179960,81,"PO kraj","Diesel","Manuál"
"334","Škoda",10790,2016,239200,81,"NR kraj","Diesel","Manuál"
"335","Škoda",10799,2013,392953,110,"BA kraj","Diesel","Manuál"
"336","Škoda",10800,2014,181598,81,"TT kraj","Diesel","Manuál"
"337","Škoda",10800,2013,140298,103,"NR kraj","Benzín","Manuál"
"338","Škoda",10900,2017,230357,85,"BA kraj","Diesel","Automat"
"339","Škoda",10900,2014,235000,110,"KE kraj","Diesel","Manuál"
"340","Škoda",10900,2013,193000,110,"BA kraj","Diesel","Manuál"
"341","Škoda",10900,2013,185488,103,"ZA kraj","Diesel","Manuál"
"342","Škoda",10900,2009,220000,125,"BB kraj","Diesel","Automat"
"343","Škoda",10900,2016,256926,77,"KE kraj","Diesel","Automat"
"344","Škoda",10990,2016,218000,81,"TN kraj","Diesel","Automat"
"345","Škoda",10990,2016,160813,81,"BA kraj","Diesel","Manuál"
"346","Škoda",10990,2015,220000,81,"NR kraj","Diesel","Manuál"
"347","Škoda",10999,2015,171063,77,"BA kraj","Diesel","Manuál"
"348","Škoda",10999,2013,257000,110,"BB kraj","Diesel","Manuál"
"349","Škoda",11000,2017,165879,66,"KE kraj","Diesel","Manuál"
"350","Škoda",11000,2013,284000,135,"TN kraj","Diesel","Manuál"
"351","Škoda",11000,2014,149648,132,"BA kraj","Benzín","Manuál"
"352","Škoda",11100,2011,174580,125,"TN kraj","Diesel","Automat"
"353","Škoda",11200,2014,171833,77,"BB kraj","Diesel","Manuál"
"354","Škoda",11300,2015,288777,135,"NR kraj","Diesel","Automat"
"355","Škoda",11300,2016,229000,81,"BB kraj","Diesel","Manuál"
"356","Škoda",11300,2013,203404,110,"KE kraj","Diesel","Manuál"
"357","Škoda",11421,2013,178716,110,"KE kraj","Diesel","Automat"
"358","Škoda",11437,2016,164311,81,"KE kraj","Diesel","Automat"
"359","Škoda",11500,2016,281198,110,"KE kraj","Diesel","Automat"
"360","Škoda",11500,2013,261997,110,"TN kraj","Diesel","Automat"
"361","Škoda",11500,2017,191,81,"BB kraj","Diesel","Manuál"
"362","Škoda",11500,2016,178599,110,"PO kraj","Diesel","Manuál"
"363","Škoda",11500,2016,218000,81,"ZA kraj","Diesel","Automat"
"364","Škoda",11571,2013,121816,103,"BB kraj","Benzín","Automat"
"365","Škoda",11590,2016,250000,81,"TN kraj","Diesel","Manuál"
"366","Škoda",11600,2014,201516,110,"KE kraj","Diesel","Manuál"
"367","Škoda",11600,2016,154498,81,"BA kraj","Diesel","Automat"
"368","Škoda",11699,2014,186533,110,"NR kraj","Diesel","Automat"
"369","Škoda",11700,2014,161000,110,"ZA kraj","Diesel","Manuál"
"370","Škoda",11800,2013,220000,147,"TT kraj","Benzín","Automat"
"371","Škoda",11800,2016,195891,81,"TN kraj","Diesel","Manuál"
"372","Škoda",11899,2016,245700,81,"PO kraj","Diesel","Manuál"
"373","Škoda",11950,2016,155000,81,"BA kraj","Diesel","Automat"
"374","Škoda",11990,2016,215000,110,"NR kraj","Diesel","Automat"
"375","Škoda",11990,2017,245423,110,"NR kraj","Diesel","Automat"
"376","Škoda",11990,2015,190733,81,"NR kraj","Benzín","Manuál"
"377","Škoda",11999,2017,212400,85,"TT kraj","Benzín","Automat"
"378","Škoda",11999,2016,179000,81,"BB kraj","Diesel","Manuál"
"379","Škoda",11999,2014,231380,135,"KE kraj","Diesel","Automat"
"380","Škoda",11999,2017,224113,66,"PO kraj","Diesel","Manuál"
"381","Škoda",11999,2017,148197,85,"TN kraj","Diesel","Manuál"
"382","Škoda",12000,2017,149000,66,"TT kraj","Diesel","Manuál"
"383","Škoda",12000,2014,235000,135,"TN kraj","Diesel","Manuál"
"384","Škoda",12000,2017,107000,63,"NR kraj","Benzín","Manuál"
"385","Škoda",12000,2014,202000,110,"KE kraj","Diesel","Automat"
"386","Škoda",12190,2018,207467,85,"BB kraj","Diesel","Automat"
"387","Škoda",12199,2017,185000,85,"BB kraj","Diesel","Automat"
"388","",12200,2017,155786,81,"BA kraj","Diesel","Manuál"
"389","Škoda",12200,2015,188270,110,"KE kraj","Diesel","Manuál"
"390","Škoda",12200,2013,160068,110,"NR kraj","Diesel","Automat"
"391","Škoda",12290,2018,199990,85,"NR kraj","Diesel","Automat"
"392","Škoda",12290,2013,279835,135,"TN kraj","Diesel","Automat"
"393","Škoda",12290,2018,213200,85,"NR kraj","Diesel","Automat"
"394","Škoda",12299,2017,216776,85,"BA kraj","Diesel","Manuál"
"395","Škoda",12300,2014,136977,110,"BA kraj","Diesel","Automat"
"396","Škoda",12379,2016,162078,81,"NR kraj","Diesel","Manuál"
"397","Škoda",12399,2017,183000,85,"BB kraj","Diesel","Manuál"
"398","Škoda",12450,2015,212000,77,"BA kraj","Diesel","Automat"
"399","Škoda",12490,2015,181000,110,"BB kraj","Diesel","Manuál"
"400","Škoda",12490,2017,200076,85,"KE kraj","Benzín","Manuál"
"401","Škoda",12490,2015,202000,110,"BA kraj","Diesel","Automat"
"402","Škoda",12490,2017,135016,85,"BA kraj","Diesel","Manuál"
"403","Škoda",12499,2015,114940,110,"BB kraj","Diesel","Manuál"
"404","Škoda",12499,2014,174178,110,"BB kraj","Diesel","Manuál"
"405","Škoda",12499,2013,178526,110,"BB kraj","Diesel","Automat"
"406","Škoda",12590,2017,179600,85,"PO kraj","Diesel","Manuál"
"407","Škoda",12599,2017,184365,85,"PO kraj","Diesel","Manuál"
"408","Škoda",12600,2016,188146,110,"BA kraj","Diesel","Manuál"
"409","Škoda",12600,2015,250000,110,"KE kraj","Diesel","Manuál"
"410","Škoda",12600,2016,129861,81,"PO kraj","Diesel","Manuál"
"411","Škoda",12600,2016,229776,110,"TN kraj","Diesel","Manuál"
"412","Škoda",12699,2014,134000,103,"KE kraj","Diesel","Manuál"
"413","Škoda",12790,2014,136792,103,"NR kraj","Benzín","Automat"
"414","Škoda",12800,2015,226453,135,"TN kraj","Diesel","Automat"
"415","Škoda",12800,2016,138514,81,"BA kraj","Diesel","Automat"
"416","Škoda",12800,2013,163572,103,"TT kraj","Benzín","Automat"
"417","Škoda",12850,2017,168000,85,"PO kraj","Diesel","Manuál"
"418","Škoda",12888,2017,169000,85,"BA kraj","Diesel","Automat"
"419","Škoda",12899,2017,240700,85,"PO kraj","Diesel","Manuál"
"420","Škoda",12900,2015,299000,135,"TN kraj","Diesel","Manuál"
"421","Škoda",12900,2016,115500,81,"NR kraj","Diesel","Manuál"
"422","Škoda",12900,2018,182286,110,"BA kraj","Diesel","Manuál"
"423","Škoda",12900,2016,177000,85,"KE kraj","Benzín","Automat"
"424","Škoda",12900,2015,137361,81,"BA kraj","Diesel","Automat"
"425","Škoda",12900,2018,125083,110,"BA kraj","Diesel","Manuál"
"426","Škoda",12960,2017,134980,85,"TT kraj","Diesel","Manuál"
"427","Škoda",12990,2017,125304,66,"KE kraj","Diesel","Manuál"
"428","Škoda",12990,2017,222000,85,"BB kraj","Diesel","Automat"
"429","Škoda",12990,2018,141196,85,"BB kraj","Diesel","Automat"
"430","Škoda",12990,2015,180416,110,"ZA kraj","Diesel","Automat"
"431","Škoda",12990,2018,187719,85,"KE kraj","Diesel","Automat"
"432","Škoda",12990,2017,200744,85,"NR kraj","Diesel","Manuál"
"433","Škoda",12990,2014,276000,135,"ZA kraj","Diesel","Automat"
"434","Škoda",12990,2016,158415,81,"BB kraj","Diesel","Manuál"
"435","Škoda",12999,2018,185300,85,"ZA kraj","Diesel","Manuál"
"436","Škoda",12999,2015,129921,135,"BA kraj","Diesel","Automat"
"437","Škoda",12999,2017,148134,85,"BB kraj","Diesel","Automat"
"438","Škoda",13000,2014,179221,110,"NR kraj","Diesel","Manuál"
"439","Škoda",13000,2017,158013,85,"BB kraj","Diesel","Automat"
"440","ŠKODA",13190,2017,125168,81,"TN kraj","Diesel","Manuál"
"441","Škoda",13200,2017,170000,85,"KE kraj","Diesel","Automat"
"442","Škoda",13200,2015,198000,135,"TN kraj","Diesel","Automat"
"443","Škoda",13250,2015,276265,135,"NR kraj","Diesel","Manuál"
"444","Škoda",13290,2018,192000,85,"BA kraj","Diesel","Manuál"
"445","Škoda",13299,2014,85470,110,"BB kraj","Diesel","Automat"
"446","Škoda",13299,2017,157494,85,"PO kraj","Diesel","Manuál"
"447","Škoda",13300,2014,130604,110,"BA kraj","Diesel","Automat"
"448","Škoda",13300,2018,134000,85,"NR kraj","Diesel","Manuál"
"449","Škoda",13300,2014,231111,135,"BA kraj","Diesel","Manuál"
"450","Škoda",13300,2017,174144,110,"BA kraj","Diesel","Automat"
"451","Škoda",13300,2017,193340,85,"BB kraj","Diesel","Automat"
"452","Škoda",13300,2017,178207,81,"NR kraj","Diesel","Automat"
"453","Škoda",13390,2017,157000,85,"NR kraj","Diesel","Manuál"
"454","Škoda",13400,2017,195345,85,"BB kraj","Diesel","Manuál"
"455","Škoda",13400,2017,139000,110,"BB kraj","Diesel","Automat"
"456","Škoda",13400,2018,160920,85,"TT kraj","Diesel","Automat"
"457","Škoda",13449,2017,129000,85,"BB kraj","Diesel","Automat"
"458","Škoda",13450,2018,182400,85,"TN kraj","Diesel","Automat"
"459","Škoda",13460,2017,139800,85,"TT kraj","Diesel","Automat"
"460","Škoda",13490,2017,186000,85,"NR kraj","Diesel","Automat"
"461","Škoda",13490,2017,156041,85,"BB kraj","Diesel","Automat"
"462","Škoda",13490,2017,172800,85,"ZA kraj","Diesel","Manuál"
"463","Škoda",13490,2016,177900,110,"PO kraj","Diesel","Manuál"
"464","Škoda",13490,2017,131590,85,"KE kraj","Diesel","Automat"
"465","Škoda",13490,2018,135123,85,"NR kraj","Diesel","Automat"
"466","Škoda",13490,2018,192956,85,"TT kraj","Diesel","Manuál"
"467","Škoda",13490,2016,215300,81,"TN kraj","Diesel","Automat"
"468","Škoda",13490,2016,160966,81,"KE kraj","Diesel","Manuál"
"469","Škoda",13490,2017,129761,110,"BA kraj","Diesel","Manuál"
"470","Škoda",13490,2017,177856,110,"TN kraj","Diesel","Manuál"
"471","Škoda",13500,2017,157178,85,"KE kraj","Diesel","Manuál"
"472","Škoda",13500,2013,217000,110,"ZA kraj","Diesel","Automat"
"473","Škoda",13500,2018,135111,85,"NR kraj","Diesel","Manuál"
"474","Škoda",13500,2018,172000,85,"BA kraj","Diesel","Automat"
"475","Škoda",13500,2017,184544,85,"PO kraj","Diesel","Manuál"
"476","Škoda",13550,2017,221225,110,"NR kraj","Diesel","Automat"
"477","Škoda",13550,2015,170500,110,"KE kraj","Diesel","Manuál"
"478","Škoda",13590,2019,160808,85,"BA kraj","Diesel","Manuál"
"479","Škoda",13650,2018,178155,85,"PO kraj","Diesel","Manuál"
"480","Škoda",13699,2016,148474,110,"BB kraj","Diesel","Automat"
"481","Škoda",13750,2017,165315,85,"KE kraj","Diesel","Manuál"
"482","Škoda",13790,2019,183524,85,"NR kraj","Diesel","Automat"
"483","Škoda",13790,2015,220496,135,"KE kraj","Diesel","Automat"
"484","Škoda",13790,2018,167000,85,"NR kraj","Diesel","Manuál"
"485","Škoda",13790,2017,136469,81,"KE kraj","Diesel","Automat"
"486","Škoda",13800,2018,126870,85,"BA kraj","Diesel","Automat"
"487","Škoda",13800,2014,184000,110,"ZA kraj","Diesel","Automat"
"488","Škoda",13850,2017,150000,85,"TT kraj","Diesel","Automat"
"489","Škoda",13885,2018,213000,110,"BA kraj","Diesel","Automat"
"490","Škoda",13890,2018,198123,110,"NR kraj","Diesel","Automat"
"491","Škoda",13900,2018,159115,85,"BA kraj","Diesel","Manuál"
"492","Škoda",13900,2017,177000,85,"KE kraj","Diesel","Automat"
"493","Škoda",13900,2017,137180,85,"ZA kraj","Diesel","Automat"
"494","Škoda",13950,2013,235000,135,"BA kraj","Diesel","Automat"
"495","Škoda",13990,2018,125886,85,"ZA kraj","Diesel","Manuál"
"496","Škoda",13990,2017,214340,85,"BB kraj","Diesel","Manuál"
"497","Škoda",13990,2018,163509,85,"BB kraj","Diesel","Automat"
"498","Škoda",13990,2018,208400,85,"ZA kraj","Diesel","Automat"
"499","Škoda",13990,2017,196925,110,"ZA kraj","Diesel","Manuál"
"500","Škoda",13990,2017,138800,66,"ZA kraj","Diesel","Manuál"
"501","Škoda",13990,2017,150000,85,"KE kraj","Diesel","Automat"
"502","Škoda",13990,2019,183235,85,"KE kraj","Diesel","Manuál"
"503","Škoda",13990,2017,191128,81,"TT kraj","Diesel","Automat"
"504","Škoda",13990,2019,109000,110,"TN kraj","Benzín","Manuál"
"505","Škoda",13999,2014,162000,110,"ZA kraj","Diesel","Automat"
"506","Škoda",13999,2018,207103,85,"PO kraj","Diesel","Automat"
"507","Škoda",13999,2017,128151,85,"BA kraj","Diesel","Manuál"
"508","Škoda",13999,2017,216284,110,"TN kraj","Diesel","Automat"
"509","Škoda",14000,2018,166025,85,"KE kraj","Diesel","Manuál"
"510","Škoda",14000,2019,2e+05,85,"ZA kraj","Diesel","Automat"
"511","Škoda",14000,2015,189271,135,"BA kraj","Diesel","Manuál"
"512","Škoda",14000,2017,174910,85,"NR kraj","Diesel","Automat"
"513","Škoda",14090,2017,159000,110,"BB kraj","Diesel","Manuál"
"514","Škoda",14100,2017,183569,110,"BA kraj","Diesel","Automat"
"515","Škoda",14200,2017,181500,85,"KE kraj","Diesel","Automat"
"516","Škoda",14200,2017,152000,110,"TT kraj","Diesel","Manuál"
"517","Škoda",14200,2017,2e+05,110,"ZA kraj","Diesel","Automat"
"518","Škoda",14200,2015,159776,135,"BA kraj","Diesel","Automat"
"519","Škoda",14200,2018,187000,110,"ZA kraj","Diesel","Automat"
"520","Škoda",14200,2016,190310,135,"BA kraj","Diesel","Automat"
"521","Škoda",14200,2018,168720,85,"KE kraj","Diesel","Automat"
"522","Škoda",14250,2018,195743,85,"BA kraj","Diesel","Automat"
"523","Škoda",14290,2017,149135,85,"NR kraj","Diesel","Automat"
"524","Škoda",14290,2018,175323,85,"BB kraj","Diesel","Automat"
"525","Škoda",14299,2018,197619,85,"BA kraj","Diesel","Manuál"
"526","Škoda",14299,2020,145000,85,"ZA kraj","Diesel","Manuál"
"527","Škoda",14300,2015,85000,110,"KE kraj","Diesel","Manuál"
"528","Škoda",14300,2018,187946,110,"PO kraj","Diesel","Automat"
"529","Škoda",14300,2018,149100,85,"KE kraj","Diesel","Manuál"
"530","Škoda",14300,2018,136787,85,"TT kraj","Diesel","Manuál"
"531","Škoda",14300,2018,182000,110,"NR kraj","Diesel","Automat"
"532","Škoda",14399,2017,180325,110,"BA kraj","Diesel","Automat"
"533","Škoda",14400,2016,183803,110,"PO kraj","Diesel","Manuál"
"534","Škoda",14490,2017,185820,85,"KE kraj","Diesel","Manuál"
"535","Škoda",14490,2015,129100,110,"PO kraj","Diesel","Manuál"
"536","Škoda",14490,2017,205000,110,"NR kraj","Diesel","Automat"
"537","Škoda",14490,2017,187986,110,"KE kraj","Diesel","Automat"
"538","Škoda",14490,2017,183000,85,"ZA kraj","Diesel","Automat"
"539","Škoda",14500,2018,111015,85,"TT kraj","Diesel","Manuál"
"540","Škoda",14500,2014,248000,162,"BB kraj","Benzín","Automat"
"541","Škoda",14500,2018,136000,85,"BA kraj","Diesel","Manuál"
"542","Škoda",14560,2018,167400,85,"TT kraj","Diesel","Automat"
"543","Škoda",14590,2017,176000,110,"KE kraj","Diesel","Automat"
"544","Škoda",14599,2013,132813,135,"BA kraj","Diesel","Automat"
"545","Škoda",14600,2014,217000,135,"KE kraj","Diesel","Automat"
"546","Škoda",14600,2017,150000,85,"NR kraj","Diesel","Automat"
"547","Škoda",14600,2019,187000,110,"BA kraj","Diesel","Manuál"
"548","Škoda",14690,2019,183000,85,"BA kraj","Diesel","Manuál"
"549","Škoda",14690,2017,160703,85,"KE kraj","Diesel","Automat"
"550","Škoda",14690,2018,138000,85,"ZA kraj","Diesel","Manuál"
"551","Škoda",14690,2017,142470,85,"NR kraj","Diesel","Automat"
"552","Škoda",14700,2015,235000,135,"TN kraj","Diesel","Automat"
"553","Škoda",14700,2017,190873,85,"TN kraj","Diesel","Automat"
"554","Škoda",14700,2016,219500,135,"KE kraj","Diesel","Automat"
"555","Škoda",14700,2017,163037,85,"BA kraj","Diesel","Automat"
"556","Škoda",14790,2017,158896,85,"BA kraj","Diesel","Automat"
"557","Škoda",14790,2019,189574,110,"TN kraj","Diesel","Automat"
"558","Škoda",14799,2014,203369,135,"BA kraj","Diesel","Automat"
"559","Škoda",14800,2014,194000,162,"BB kraj","Benzín","Manuál"
"560","Škoda",14800,2015,135000,110,"KE kraj","Benzín","Automat"
"561","Škoda",14860,2018,167000,85,"KE kraj","Diesel","Automat"
"562","Škoda",14890,2017,150014,85,"KE kraj","Diesel","Manuál"
"563","Škoda",14890,2018,179846,85,"BB kraj","Diesel","Automat"
"564","Škoda",14890,2017,168297,110,"BB kraj","Diesel","Manuál"
"565","Škoda",14900,2016,132000,110,"BA kraj","Benzín","Manuál"
"566","Škoda",14950,2017,229401,110,"NR kraj","Diesel","Automat"
"567","Škoda",14990,2014,149643,110,"ZA kraj","Diesel","Automat"
"568","Škoda",14990,2017,146614,85,"NR kraj","Diesel","Manuál"
"569","Škoda",14990,2016,188500,110,"BA kraj","Diesel","Manuál"
"570","Škoda",14990,2018,181299,110,"BB kraj","Diesel","Automat"
"571","Škoda",14990,2018,178590,85,"KE kraj","Diesel","Automat"
"572","Škoda",14990,2016,188500,110,"BA kraj","Diesel","Manuál"
"573","Škoda",14990,2016,188589,110,"PO kraj","Diesel","Automat"
"574","Škoda",14990,2014,195073,135,"NR kraj","Diesel","Automat"
"575","Škoda",14990,2017,177066,110,"BA kraj","Diesel","Manuál"
"576","Škoda",14990,2017,154430,110,"NR kraj","Diesel","Automat"
"577","Škoda",14990,2016,94902,110,"BA kraj","Diesel","Manuál"
"578","Škoda",14990,2018,178133,85,"PO kraj","Diesel","Automat"
"579","Škoda",14990,2016,159364,110,"PO kraj","Diesel","Automat"
"580","Škoda",14990,2017,164031,110,"KE kraj","Diesel","Manuál"
"581","Škoda",14990,2017,164031,110,"KE kraj","Diesel","Manuál"
"582","Škoda",14990,2018,184456,110,"NR kraj","Diesel","Automat"
"583","Škoda",14990,2018,175398,110,"NR kraj","Diesel","Automat"
"584","Škoda",14999,2015,180000,135,"NR kraj","Diesel","Automat"
"585","Škoda",14999,2017,126000,110,"BA kraj","Diesel","Manuál"
"586","Škoda",14999,2017,156000,110,"ZA kraj","Diesel","Manuál"
"587","Škoda",14999,2019,154000,85,"NR kraj","Diesel","Automat"
"588","Škoda",14999,2018,95542,85,"BA kraj","Diesel","Manuál"
"589","Škoda",14999,2015,155000,110,"KE kraj","Diesel","Manuál"
"590","Škoda",14999,2019,115738,85,"TT kraj","Diesel","Manuál"
"591","Škoda",15000,2018,194409,85,"BA kraj","Diesel","Automat"
"592","Škoda",15100,2018,149000,85,"KE kraj","Diesel","Automat"
"593","Škoda",15100,2015,235300,110,"ZA kraj","Diesel","Automat"
"594","Škoda",15190,2017,158426,110,"BB kraj","Diesel","Automat"
"595","Škoda",15190,2018,203039,110,"KE kraj","Diesel","Automat"
"596","Škoda",15190,2018,190287,110,"BB kraj","Diesel","Automat"
"597","Škoda",15199,2014,111444,110,"BB kraj","Diesel","Automat"
"598","Škoda",15200,2018,166700,85,"PO kraj","Diesel","Automat"
"599","Škoda",15200,2015,171355,135,"BA kraj","Diesel","Automat"
"600","Škoda",15200,2015,180344,135,"BA kraj","Diesel","Automat"
"601","Škoda",15250,2017,172500,85,"BB kraj","Diesel","Automat"
"602","Škoda",15250,2017,102106,85,"BA kraj","Diesel","Manuál"
"603","Škoda",15299,2016,156271,110,"BB kraj","Diesel","Automat"
"604","Škoda",15299,2017,206000,135,"NR kraj","Diesel","Automat"
"605","Škoda",15400,2017,177695,85,"KE kraj","Diesel","Manuál"
"606","Škoda",15400,2019,112381,85,"TT kraj","Diesel","Automat"
"607","Škoda",15450,2019,197713,110,"NR kraj","Diesel","Automat"
"608","Škoda",15490,2019,176045,85,"BA kraj","Diesel","Automat"
"609","Škoda",15490,2018,176000,85,"NR kraj","Diesel","Automat"
"610","Škoda",15490,2014,179680,162,"BA kraj","Benzín","Manuál"
"611","Škoda",15490,2017,163197,110,"KE kraj","Diesel","Manuál"
"612","Škoda",15490,2018,124599,85,"PO kraj","Diesel","Manuál"
"613","Škoda",15499,2020,79417,96,"BB kraj","Benzín+Plyn","Automat"
"614","Škoda",15500,2019,194973,85,"KE kraj","Diesel","Automat"
"615","Škoda",15500,2016,160000,110,"BB kraj","Diesel","Manuál"
"616","Škoda",15500,2017,142507,110,"KE kraj","Diesel","Manuál"
"617","Škoda",15500,2018,194983,110,"NR kraj","Diesel","Automat"
"618","Škoda",15500,2018,122299,110,"PO kraj","Diesel","Automat"
"619","Škoda",15500,2017,156088,110,"ZA kraj","Diesel","Manuál"
"620","Škoda",15560,2019,147300,85,"TT kraj","Diesel","Automat"
"621","ŠKODA",15580,2017,88915,85,"TN kraj","Diesel","Manuál"
"622","Škoda",15600,2018,60899,66,"BB kraj","Diesel","Manuál"
"623","Škoda",15690,2017,205724,110,"TN kraj","Diesel","Automat"
"624","Škoda",15690,2018,160000,110,"NR kraj","Diesel","Automat"
"625","Škoda",15700,2017,178700,110,"ZA kraj","Diesel","Automat"
"626","ŠKODA",15700,2017,81175,85,"TN kraj","Diesel","Manuál"
"627","Škoda",15760,2019,127000,85,"KE kraj","Diesel","Automat"
"628","ŠKODA",15780,2017,79835,85,"TN kraj","Diesel","Manuál"
"629","Škoda",15790,2019,189047,110,"PO kraj","Diesel","Manuál"
"630","Škoda",15800,2017,144000,110,"BB kraj","Diesel","Automat"
"631","Škoda",15800,2019,65300,85,"TT kraj","Diesel","Manuál"
"632","Škoda",15800,2019,48593,85,"NR kraj","Diesel","Manuál"
"633","Škoda",15890,2018,152000,110,"NR kraj","Diesel","Automat"
"634","Škoda",15890,2019,165000,85,"KE kraj","Diesel","Automat"
"635","Škoda",15900,2016,98905,135,"ZA kraj","Diesel","Automat"
"636","Škoda",15900,2019,193800,85,"KE kraj","Diesel","Automat"
"637","Škoda",15947,2016,153220,135,"KE kraj","Diesel","Automat"
"638","Škoda",15950,2018,135420,110,"NR kraj","Diesel","Manuál"
"639","Škoda",15960,2018,151000,110,"TT kraj","Diesel","Automat"
"640","Škoda",15990,2019,125800,85,"TT kraj","Benzín","Automat"
"641","Škoda",15990,2019,164463,85,"KE kraj","Diesel","Automat"
"642","Škoda",15990,2018,126997,85,"KE kraj","Diesel","Automat"
"643","Škoda",15990,2017,160434,132,"KE kraj","Benzín","Automat"
"644","Škoda",15990,2019,158000,110,"NR kraj","Diesel","Automat"
"645","",15990,2018,162917,110,"BA kraj","Diesel","Automat"
"646","Škoda",15990,2018,159000,110,"ZA kraj","Diesel","Manuál"
"647","Škoda",15990,2017,150005,110,"NR kraj","Diesel","Automat"
"648","Škoda",15990,2018,159000,110,"ZA kraj","Diesel","Automat"
"649","Škoda",15990,2017,207055,135,"BB kraj","Diesel","Automat"
"650","",15999,2019,162368,110,"BA kraj","Benzín","Automat"
"651","Škoda",15999,2017,82158,110,"TT kraj","Diesel","Manuál"
"652","Škoda",16000,2017,96056,85,"KE kraj","Diesel","Manuál"
"653","Škoda",16000,2018,97091,85,"BB kraj","Diesel","Automat"
"654","Škoda",16000,2017,185999,110,"PO kraj","Diesel","Automat"
"655","Škoda",16000,2014,113000,135,"KE kraj","Diesel","Automat"
"656","Škoda",16000,2017,172000,85,"BA kraj","Diesel","Automat"
"657","ŠKODA",16110,2017,64630,85,"TN kraj","Diesel","Manuál"
"658","Škoda",16160,2018,1e+05,85,"TT kraj","Diesel","Automat"
"659","ŠKODA",16190,2017,61735,85,"TN kraj","Diesel","Manuál"
"660","Škoda",16200,2017,80476,110,"BA kraj","Diesel","Manuál"
"661","Škoda",16250,2019,144000,85,"TT kraj","Diesel","Automat"
"662","Škoda",16250,2018,172930,110,"NR kraj","Diesel","Automat"
"663","Škoda",16250,2017,139515,110,"NR kraj","Diesel","Manuál"
"664","Škoda",16290,2019,151000,110,"NR kraj","Diesel","Automat"
"665","Škoda",16290,2017,155137,110,"KE kraj","Diesel","Manuál"
"666","Škoda",16299,2017,168381,110,"BA kraj","Benzín","Automat"
"667","Škoda",16300,2019,22000,85,"NR kraj","Diesel","Manuál"
"668","Škoda",16300,2018,133900,110,"PO kraj","Diesel","Automat"
"669","Škoda",16400,2017,193256,135,"TT kraj","Diesel","Automat"
"670","Škoda",16490,2018,133000,85,"KE kraj","Diesel","Automat"
"671","Škoda",16490,2015,179356,135,"KE kraj","Diesel","Manuál"
"672","Škoda",16490,2019,147223,85,"TT kraj","Diesel","Automat"
"673","Škoda",16490,2018,139912,110,"NR kraj","Diesel","Manuál"
"674","Škoda",16499,2016,162546,110,"PO kraj","Diesel","Manuál"
"675","Škoda",16500,2016,202000,135,"NR kraj","Diesel","Automat"
"676","Škoda",16500,2018,39432,85,"KE kraj","Benzín","Manuál"
"677","Škoda",16500,2018,161353,110,"KE kraj","Benzín","Automat"
"678","Škoda",16500,2019,122096,85,"KE kraj","Diesel","Automat"
"679","Škoda",16500,2018,72326,85,"KE kraj","Diesel","Manuál"
"680","Škoda",16500,2019,183191,110,"KE kraj","Diesel","Automat"
"681","Škoda",16500,2018,80184,85,"BA kraj","Diesel","Manuál"
"682","Škoda",16500,2018,77580,85,"KE kraj","Diesel","Manuál"
"683","Škoda",16500,2019,179000,110,"TT kraj","Diesel","Manuál"
"684","Škoda",16500,2018,162399,110,"ZA kraj","Diesel","Automat"
"685","Škoda",16600,2018,111073,85,"BA kraj","Diesel","Automat"
"686","Škoda",16690,2018,150000,110,"TN kraj","Diesel","Automat"
"687","Škoda",16690,2015,168000,135,"ZA kraj","Diesel","Automat"
"688","Škoda",16690,2018,154500,110,"TN kraj","Diesel","Manuál"
"689","Škoda",16700,2017,175491,110,"PO kraj","Diesel","Automat"
"690","",16700,2017,89638,110,"BA kraj","Diesel","Manuál"
"691","Škoda",16750,2018,157500,85,"PO kraj","Diesel","Automat"
"692","Škoda",16800,2018,128000,110,"NR kraj","Diesel","Manuál"
"693","Škoda",16900,2018,88000,110,"NR kraj","Diesel","Manuál"
"694","Škoda",16900,2017,170000,110,"ZA kraj","Diesel","Automat"
"695","Škoda",16900,2016,87000,135,"BB kraj","Diesel","Automat"
"696","Škoda",16900,2017,149820,110,"ZA kraj","Diesel","Automat"
"697","Škoda",16990,2018,164680,132,"NR kraj","Benzín","Automat"
"698","Škoda",16990,2018,161772,110,"BA kraj","Diesel","Automat"
"699","Škoda",16990,2017,174548,110,"KE kraj","Diesel","Manuál"
"700","Škoda",16990,2018,203941,110,"NR kraj","Diesel","Automat"
"701","Škoda",16990,2018,99980,85,"KE kraj","Diesel","Manuál"
"702","Škoda",16990,2017,99900,81,"NR kraj","Benzín","Automat"
"703","Škoda",16990,2015,236500,135,"ZA kraj","Diesel","Automat"
"704","Škoda",16990,2017,89000,85,"BA kraj","Diesel","Manuál"
"705","Škoda",16990,2018,104331,85,"KE kraj","Benzín","Automat"
"706","Škoda",16990,2018,104330,85,"KE kraj","Benzín","Automat"
"707","Škoda",16990,2018,52570,110,"ZA kraj","Benzín","Manuál"
"708","Škoda",16990,2015,112000,135,"PO kraj","Diesel","Manuál"
"709","Škoda",16990,2018,108300,85,"KE kraj","Diesel","Automat"
"710","Škoda",16990,2018,93782,85,"KE kraj","Diesel","Manuál"
"711","Škoda",16990,2018,139813,85,"KE kraj","Diesel","Manuál"
"712","Škoda",16990,2016,181118,135,"TT kraj","Diesel","Automat"
"713","Škoda",16990,2017,168086,110,"KE kraj","Diesel","Manuál"
"714","Škoda",16999,2018,168071,110,"TN kraj","Diesel","Automat"
"715","Škoda",16999,2018,176187,110,"PO kraj","Diesel","Automat"
"716","Škoda",16999,2019,185244,110,"BA kraj","Benzín","Manuál"
"717","Škoda",17000,2019,78725,85,"KE kraj","Diesel","Automat"
"718","Škoda",17000,2015,140000,135,"ZA kraj","Diesel","Automat"
"719","Škoda",17000,2017,113169,110,"KE kraj","Diesel","Manuál"
"720","Škoda",17001,2017,155000,110,"NR kraj","Diesel","Manuál"
"721","Škoda",17100,2019,37021,85,"BA kraj","Benzín","Manuál"
"722","Škoda",17200,2018,187994,110,"BB kraj","Diesel","Automat"
"723","Škoda",17290,2019,158100,110,"KE kraj","Diesel","Automat"
"724","Škoda",17290,2018,160902,110,"KE kraj","Diesel","Automat"
"725","Škoda",17300,2018,150150,110,"NR kraj","Diesel","Automat"
"726","Škoda",17300,2017,128703,110,"BA kraj","Diesel","Automat"
"727","Škoda",17300,2016,97408,110,"NR kraj","Diesel","Automat"
"728","Škoda",17300,2019,111964,110,"BA kraj","Diesel","Automat"
"729","Škoda",17490,2017,97824,110,"BB kraj","Diesel","Manuál"
"730","Škoda",17490,2019,73000,85,"ZA kraj","Diesel","Manuál"
"731","Škoda",17490,2018,59501,85,"ZA kraj","Diesel","Manuál"
"732","Škoda",17498,2018,57778,85,"BA kraj","Diesel","Manuál"
"733","Škoda",17499,2017,159190,110,"BB kraj","Diesel","Automat"
"734","Škoda",17500,2017,138814,110,"PO kraj","Diesel","Manuál"
"735","Škoda",17500,2018,183000,135,"KE kraj","Diesel","Manuál"
"736","Škoda",17580,2018,77136,85,"PO kraj","Diesel","Manuál"
"737","Škoda",17599,2016,175655,135,"BB kraj","Diesel","Automat"
"738","Škoda",17700,2013,198000,162,"NR kraj","Benzín","Automat"
"739","Škoda",17790,2019,118360,85,"ZA kraj","Diesel","Manuál"
"740","Škoda",17800,2016,153300,135,"BB kraj","Diesel","Automat"
"741","Škoda",17800,2016,99084,135,"ZA kraj","Diesel","Automat"
"742","Škoda",17800,2018,130994,110,"TT kraj","Diesel","Automat"
"743","Škoda",17820,2018,93100,85,"BA kraj","Diesel","Manuál"
"744","Škoda",17890,2018,99000,110,"NR kraj","Diesel","Automat"
"745","Škoda",17900,2018,119247,110,"TT kraj","Diesel","Automat"
"746","Škoda",17900,2018,79249,85,"BA kraj","Diesel","Manuál"
"747","Škoda",17940,2019,72327,85,"NR kraj","Diesel","Manuál"
"748","Škoda",17990,2017,153739,135,"KE kraj","Diesel","Automat"
"749","Škoda",17990,2018,154557,110,"ZA kraj","Diesel","Automat"
"750","Škoda",17990,2019,185053,85,"NR kraj","Diesel","Automat"
"751","Škoda",17990,2019,123510,110,"BA kraj","Diesel","Automat"
"752","Škoda",17990,2017,81551,110,"KE kraj","Diesel","Manuál"
"753","Škoda",17990,2017,161439,110,"KE kraj","Diesel","Manuál"
"754","Škoda",17990,2018,157500,110,"PO kraj","Diesel","Automat"
"755","Škoda",17990,2019,95524,85,"KE kraj","Diesel","Manuál"
"756","Škoda",17990,2017,47350,85,"KE kraj","Diesel","Manuál"
"757","Škoda",17990,2017,153702,135,"KE kraj","Diesel","Automat"
"758","Škoda",17990,2017,179000,110,"NR kraj","Diesel","Manuál"
"759","Škoda",17990,2019,85113,85,"TT kraj","Benzín","Manuál"
"760","Škoda",17990,2018,78225,85,"BA kraj","Diesel","Manuál"
"761","Škoda",17990,2018,94561,85,"BA kraj","Diesel","Manuál"
"762","Škoda",17999,2018,154026,110,"PO kraj","Diesel","Automat"
"763","Škoda",17999,2019,118979,110,"BA kraj","Diesel","Automat"
"764","Škoda",17999,2018,168467,110,"BB kraj","Diesel","Manuál"
"765","Škoda",17999,2018,68892,85,"TT kraj","Diesel","Automat"
"766","Škoda",18000,2017,155000,110,"ZA kraj","Diesel","Automat"
"767","Škoda",18190,2019,141790,85,"TT kraj","Diesel","Automat"
"768","Škoda",18300,2018,109000,110,"NR kraj","Diesel","Automat"
"769","Škoda",18300,2018,92048,110,"KE kraj","Diesel","Manuál"
"770","Škoda",18400,2017,138484,110,"PO kraj","Diesel","Automat"
"771","Škoda",18499,2016,116108,132,"BA kraj","Benzín","Automat"
"772","Škoda",18500,2018,197970,110,"TN kraj","Diesel","Automat"
"773","Škoda",18500,2018,181663,110,"TT kraj","Diesel","Automat"
"774","Škoda",18500,2018,94168,110,"BA kraj","Benzín","Automat"
"775","Škoda",18611,2018,99803,132,"NR kraj","Benzín","Manuál"
"776","ŠKODA",18625,2018,115984,85,"TN kraj","Diesel","Automat"
"777","ŠKODA",18690,2018,62295,85,"TN kraj","Diesel","Manuál"
"778","Škoda",18700,2017,161442,135,"NR kraj","Diesel","Automat"
"779","Škoda",18790,2019,73150,85,"BA kraj","Diesel","Manuál"
"780","Škoda",18790,2019,81616,85,"ZA kraj","Diesel","Manuál"
"781","Škoda",18790,2019,105725,110,"NR kraj","Diesel","Automat"
"782","Škoda",18800,2017,80894,162,"PO kraj","Benzín","Manuál"
"783","Škoda",18850,2018,43900,110,"BB kraj","Diesel","Automat"
"784","Škoda",18890,2018,193782,135,"TN kraj","Diesel","Automat"
"785","Škoda",18900,2019,99152,110,"PO kraj","Diesel","Automat"
"786","Škoda",18990,2017,228004,135,"KE kraj","Diesel","Automat"
"787","Škoda",18990,2018,123365,180,"NR kraj","Benzín","Manuál"
"788","Škoda",18990,2018,148803,110,"KE kraj","Diesel","Automat"
"789","ŠKODA",18990,2018,65633,110,"BA kraj","Benzín","Automat"
"790","Škoda",18990,2019,38131,110,"ZA kraj","Benzín","Manuál"
"791","Škoda",18999,2018,149500,85,"BA kraj","Diesel","Automat"
"792","Škoda",19150,2017,137000,135,"TT kraj","Diesel","Automat"
"793","Škoda",19199,2018,156652,110,"BB kraj","Diesel","Manuál"
"794","Škoda",19200,2018,164000,110,"BA kraj","Diesel","Automat"
"795","Škoda",19400,2017,151400,135,"NR kraj","Diesel","Automat"
"796","Škoda",19450,2018,120000,85,"BA kraj","Diesel","Automat"
"797","Škoda",19490,2017,170522,169,"KE kraj","Benzín","Manuál"
"798","Škoda",19490,2017,161501,135,"KE kraj","Diesel","Manuál"
"799","Škoda",19500,2017,192365,135,"BB kraj","Diesel","Automat"
"800","Škoda",19500,2018,133442,110,"NR kraj","Benzín","Automat"
"801","Škoda",19500,2017,155722,135,"NR kraj","Diesel","Automat"
"802","Škoda",19500,2016,103000,162,"ZA kraj","Benzín","Automat"
"803","Škoda",19690,2017,141200,135,"ZA kraj","Diesel","Automat"
"804","Škoda",19750,2018,80000,110,"BB kraj","Diesel","Manuál"
"805","ŠKODA",19790,2019,97900,110,"TN kraj","Benzín","Automat"
"806","Škoda",19900,2018,85000,110,"TT kraj","Diesel","Automat"
"807","Škoda",19900,2018,165000,110,"TT kraj","Diesel","Automat"
"808","Škoda",19900,2018,98830,110,"KE kraj","Diesel","Manuál"
"809","Škoda",19900,2019,128269,135,"ZA kraj","Diesel","Automat"
"810","Škoda",19900,2017,127320,135,"ZA kraj","Diesel","Automat"
"811","Škoda",19950,2018,113500,110,"PO kraj","Diesel","Automat"
"812","Škoda",19990,2019,120800,110,"PO kraj","Diesel","Automat"
"813","Škoda",19990,2017,183998,135,"KE kraj","Diesel","Automat"
"814","Škoda",19990,2017,81617,110,"BA kraj","Diesel","Manuál"
"815","Škoda",19999,2017,50002,110,"ZA kraj","Benzín","Automat"
"816","Škoda",19999,2020,32330,96,"BA kraj","Benzín","Automat"
"817","Škoda",19999,2016,114600,162,"BB kraj","Benzín","Automat"
"818","Škoda",20000,2017,162000,135,"KE kraj","Diesel","Automat"
"819","Škoda",20000,2018,155078,110,"BA kraj","Diesel","Automat"
"820","Škoda",20050,2019,184476,135,"NR kraj","Diesel","Automat"
"821","Škoda",20490,2018,160687,135,"KE kraj","Diesel","Automat"
"822","Škoda",20900,2018,62455,132,"ZA kraj","Benzín","Automat"
"823","Škoda",20990,2019,91468,110,"KE kraj","Diesel","Automat"
"824","Škoda",20990,2018,160181,135,"TT kraj","Diesel","Automat"
"825","Škoda",20990,2018,98423,110,"BB kraj","Diesel","Automat"
"826","Škoda",21000,2017,159000,110,"BA kraj","Diesel","Automat"
"827","Škoda",21200,2017,119040,135,"PO kraj","Diesel","Automat"
"828","Škoda",21350,2018,86800,135,"NR kraj","Diesel","Automat"
"829","Škoda",21400,2018,79297,110,"PO kraj","Diesel","Automat"
"830","Škoda",21499,2019,170000,135,"ZA kraj","Diesel","Automat"
"831","Škoda",21499,2019,182317,135,"TT kraj","Diesel","Automat"
"832","Škoda",21500,2018,106000,135,"KE kraj","Diesel","Automat"
"833","Škoda",21650,2019,72000,110,"PO kraj","Diesel","Automat"
"834","Škoda",21999,2018,129305,132,"ZA kraj","Benzín","Automat"
"835","Škoda",22000,2018,63935,132,"TN kraj","Benzín","Automat"
"836","Škoda",22400,2019,135641,135,"BA kraj","Diesel","Automat"
"837","Škoda",22490,2020,83634,85,"BA kraj","Diesel","Manuál"
"838","Škoda",22490,2018,71950,110,"ZA kraj","Diesel","Automat"
"839","Škoda",22500,2018,120000,135,"BA kraj","Diesel","Automat"
"840","Škoda",22690,2020,82797,85,"BA kraj","Diesel","Manuál"
"841","Škoda",22750,2017,126000,135,"ZA kraj","Diesel","Automat"
"842","Škoda",22800,2018,46806,140,"BA kraj","Benzín","Automat"
"843","Škoda",22990,2019,72543,110,"PO kraj","Diesel","Automat"
"844","Škoda",22990,2017,111725,169,"TN kraj","Benzín","Automat"
"845","Škoda",22990,2019,114000,110,"NR kraj","Diesel","Automat"
"846","Škoda",22990,2019,99999,135,"BB kraj","Diesel","Automat"
"847","Škoda",23000,2018,91993,110,"PO kraj","Diesel","Automat"
"848","Škoda",23000,2020,114634,110,"KE kraj","Diesel","Automat"
"849","Škoda",23040,2019,66000,110,"BA kraj","Diesel","Automat"
"850","ŠKODA",23490,2018,64627,132,"TN kraj","Benzín","Automat"
"851","Škoda",23499,2017,149690,135,"ZA kraj","Diesel","Automat"
"852","Škoda",23499,2019,56469,110,"BA kraj","Diesel","Automat"
"853","Škoda",23500,2019,1e+05,135,"BA kraj","Diesel","Automat"
"854","Škoda",23590,2020,59960,110,"NR kraj","Diesel","Automat"
"855","Škoda",23990,2020,90000,135,"BA kraj","Diesel","Automat"
"856","Škoda",23990,2019,89000,110,"ZA kraj","Diesel","Automat"
"857","Škoda",24299,2017,160920,135,"ZA kraj","Diesel","Automat"
"858","Škoda",24500,2018,39444,110,"BA kraj","Diesel","Automat"
"859","Škoda",24900,2017,126000,135,"ZA kraj","Diesel","Automat"
"860","Škoda",24900,2019,69000,110,"PO kraj","Diesel","Automat"
"861","Škoda",24900,2018,111000,135,"ZA kraj","Diesel","Automat"
"862","Škoda",24990,2019,74000,140,"TN kraj","Benzín","Automat"
"863","Škoda",24999,2020,26866,135,"BA kraj","Diesel","Automat"
"864","Škoda",25000,2021,44000,85,"BA kraj","Diesel","Manuál"
"865","Škoda",25500,2017,55078,180,"KE kraj","Benzín","Manuál"
"866","Škoda",25990,2019,55000,135,"BB kraj","Diesel","Automat"
"867","Škoda",26000,2018,93500,135,"ZA kraj","Diesel","Automat"
"868","Škoda",26100,2020,25122,85,"BA kraj","Diesel","Manuál"
"869","Škoda",26190,2020,63577,110,"ZA kraj","Diesel","Automat"
"870","Škoda",26700,2019,115000,135,"BA kraj","Diesel","Automat"
"871","Škoda",26900,2020,20051,110,"TT kraj","Benzín","Manuál"
"872","Škoda",26900,2020,14896,85,"BA kraj","Diesel","Manuál"
"873","Škoda",26900,2019,39000,140,"BA kraj","Benzín","Automat"
"874","Škoda",26900,2021,43124,85,"BA kraj","Diesel","Manuál"
"875","Škoda",26990,2019,113000,85,"BA kraj","Diesel","Automat"
"876","Škoda",27189,2022,6,110,"ZA kraj","Benzín","Manuál"
"877","Škoda",27189,2022,6,110,"ZA kraj","Benzín","Manuál"
"878","Škoda",27700,2021,17750,110,"BA kraj","Benzín","Manuál"
"879","Škoda",27800,2021,16090,85,"BA kraj","Diesel","Manuál"
"880","Škoda",27900,2020,26000,110,"BA kraj","Diesel","Automat"
"881","ŠKODA",27990,2020,65305,110,"TN kraj","Benzín","Manuál"
"882","Škoda",28350,2020,25083,110,"NR kraj","Diesel","Automat"
"883","Škoda",28499,2018,100030,180,"BB kraj","Benzín","Automat"
"884","Škoda",28650,2021,26950,110,"PO kraj","Diesel","Automat"
"885","Škoda",29280,2020,40000,110,"BA kraj","Diesel","Automat"
"886","Škoda",29400,2021,15054,110,"BA kraj","Benzín","Manuál"
"887","Škoda",29800,2020,38916,110,"BA kraj","Diesel","Automat"
"888","Škoda",29800,2021,30000,110,"BA kraj","Diesel","Automat"
"889","Škoda",29990,2022,10,85,"NR kraj","Diesel","Manuál"
"890","Škoda",29990,2021,15000,110,"BA kraj","Benzín","Automat"
"891","Škoda",30599,2020,35958,110,"BA kraj","Diesel","Automat"
"892","Škoda",30990,2021,40093,110,"BA kraj","Benzín","Automat"
"893","Škoda",30999,2020,48200,110,"BA kraj","Diesel","Automat"
"894","Škoda",31990,2022,50,110,"NR kraj","Benzín","Manuál"
"895","Škoda",32000,2020,54000,110,"BA kraj","Diesel","Automat"
"896","Škoda",33490,2021,9873,110,"ZA kraj","Benzín","Automat"
"897","Škoda",33750,2020,21000,110,"BA kraj","Diesel","Automat"
"898","ŠKODA",34900,2022,9990,110,"BA kraj","Diesel","Automat"
"899","Škoda",34990,2022,15,110,"NR kraj","Benzín","Manuál"
"900","Škoda",35990,2022,6385,110,"NR kraj","Diesel","Automat"
